,,Number_Of_Occurrences_In,Number_Of_Occurrences_In,Number_Of_Occurrences_In,Number_Of_Occurrences_In,Number_Of_Occurrences_In,Number_Of_Occurrences_In,Proportion_Of_Total _Occurrences_In,Proportion_Of_Total _Occurrences_In,Proportion_Of_Total _Occurrences_In,Proportion_Of_Total _Occurrences_In,Proportion_Of_Total _Occurrences_In,Proportion_Of_Total _Occurrences_In,,,
scientificName,Number_Of_Occurrences,Succulent,Rainforest,Grass,Succulent_Rainforest_Overlap,Grass_Rainforest_Overlap,Other_Biomes,Succulent,Rainforest,Grass,Other_Biomes,Succulent_Rainforest_Overlap,Grass_Rainforest_Overlap,Biomes_with_>10%_Occurrences,Litterature_Based_Biomes,Source
Adenolobus garipensis (E.Mey.) Torre & Hillc.,87,74,0,5,0,0,8,0.85,0.00,0.06,0.09,0.00,0.00,Succulent,Succulent,http://www.ville-ge.ch/musinfo/bd/cjb/africa/details.php?langue=an&id=69549
Adenolobus pechuelii (Kuntze) Torre & Hillc.,50,45,0,4,0,0,1,0.90,0.00,0.08,0.02,0.00,0.00,Succulent,,https://plants.jstor.org/stable/10.5555/al.ap.flora.flosa000110046504001?searchUri=qtype%3Dall%26query%3DAdenolobus%2Bpechuelii; http://www.ville-ge.ch/musinfo/bd/cjb/africa/details.php?langue=an&id=177145
Barklya syringifolia F.Muell.,90,0,0,38,0,0,52,0.00,0.00,0.42,0.58,0.00,0.00,Grass,,https://profiles.ala.org.au/opus/foa/profile/Barklya%20syringifolia
Bauhinia acreana Harms,134,3,122,2,0,42,7,0.02,0.87,0.01,0.05,0.00,0.31,Rainforest,Rainforest,Flora do Brasil 2020
Bauhinia aculeata L.,225,63,48,34,17,26,63,0.28,0.34,0.15,0.28,0.08,0.12,Rainforest - Grass - Succulent,,"http://catalogoplantasdecolombia.unal.edu.co/en/resultados/especie/Bauhinia%20aculeata/; Wunderlin, 1983; Castellanos & Lewis, 2012"
Bauhinia acuminata L.,68,0,42,21,0,10,5,0.00,0.59,0.31,0.07,0.00,0.15,Rainforest - Grass,,"De Wit, 1956"
Bauhinia acuruana Moric.,330,243,14,66,0,6,7,0.74,0.05,0.20,0.02,0.00,0.02,Grass - Rainforest,Savanna-Succulent,"Vaz, 2003; Flora do Brasil 2020; Lewis, 1987"
Bauhinia affinis Vogel,21,1,0,0,2,0,18,0.05,0.14,0.00,0.86,0.10,0.00,Other,Rainforest,Flora do Brasil 2020
Bauhinia albicans Vogel,15,0,9,1,0,0,5,0.00,0.73,0.07,0.33,0.00,0.00,Rainforest,Rainforest,Flora do Brasil 2020
Bauhinia amambayensis Fortunato,21,19,0,2,0,0,0,0.90,0.00,0.10,0.00,0.00,0.00,Succulent,,
Bauhinia amatlana Wunderlin,3,3,0,0,0,0,0,1.00,0.00,0.00,0.00,0.00,0.00,Succulent,,
Bauhinia andrieuxii Hemsl.,22,21,0,0,0,0,1,0.95,0.05,0.00,0.05,0.00,0.00,Succulent,Succulent,"Wunderlin, 1983"
Bauhinia ankarafantsikae Du Puy & R.Rabev.,6,6,0,0,0,0,0,1.00,0.00,0.00,0.00,0.00,0.00,Succulent,,"http://legacy.tropicos.org/Name/50216937?projectid=17; http://www.ville-ge.ch/musinfo/bd/cjb/africa/details.php?langue=an&id=211706; Babineau & Bruneau, 2017 (map)"
Bauhinia anomala Hassl.,2,2,0,0,0,0,0,1.00,0.00,0.00,0.00,0.00,0.00,Succulent,,
Bauhinia arborea Wunderlin,34,0,33,0,0,1,1,0.00,1.00,0.00,0.03,0.00,0.03,Rainforest,,
Bauhinia argentinensis Burkart,39,37,0,0,0,0,2,0.95,0.00,0.00,0.05,0.00,0.00,Succulent,,
Bauhinia aurantiaca Bojer,10,9,1,0,0,1,0,0.90,0.00,0.00,0.00,0.00,0.10,Rainforest - Succulent,,"https://plants.jstor.org/stable/10.5555/al.ap.specimen.mpu023780?searchUri=qtype%3Dall%26query%3DBauhinia%2Baurantiaca; http://legacy.tropicos.org/Name/13027201?projectid=17; Babineau & Bruneau, 2017"
Bauhinia aureopunctata Ducke,6,0,6,0,0,1,0,0.00,1.00,0.00,0.00,0.00,0.17,Rainforest,Rainforest,"Vaz, 2003; Flora do Brasil 2020"
Bauhinia ayabacensis Wunderlin,2,2,0,0,0,0,0,1.00,0.00,0.00,0.00,0.00,0.00,Succulent,,
Bauhinia bartlettii B.L.Turner,5,5,0,0,0,0,0,1.00,0.00,0.00,0.00,0.00,0.00,Succulent,,
Bauhinia bauhinioides (Mart.) J.F.Macbr.,103,92,0,8,0,0,3,0.89,0.00,0.08,0.03,0.00,0.00,Succulent,Savanna-Succulent,"Flora do Brasil 2020; Quieroz, 2009"
Bauhinia beguinotii Cufod.,70,0,64,0,0,0,6,0.00,0.80,0.00,0.09,0.00,0.00,Rainforest,Rainforest,"Wunderlin, 1983; Forero & Castellanos, 2019; Castellanos & Lewis, 2012"
Bauhinia bicolor (Bong.) D.Dietr.,31,9,0,20,0,0,2,0.29,0.00,0.65,0.06,0.00,0.00,Grass - Rainforest,,Flora do Brasil 2020
Bauhinia bohniana H.Y.Chen,2,0,0,2,0,0,0,0.00,0.00,1.00,0.00,0.00,0.00,Grass,,
Bauhinia bombaciflora Ducke,49,1,6,42,0,2,0,0.02,0.12,0.86,0.00,0.00,0.04,Grass - Rainforest,Savanna-Rainforest,"Vaz, 2003; Flora do Brasil 2020"
Bauhinia bowkeri Harv.,11,8,0,3,0,0,0,0.73,0.00,0.27,0.00,0.00,0.00,Grass - Rainforest,,"https://plants.jstor.org/search?qtype=all&query=Bauhinia+bowkeri (Flora of South Africa, 2003)"
Bauhinia brachycalyx Ducke,71,0,65,4,0,1,2,0.00,0.90,0.06,0.03,0.00,0.01,Rainforest,Rainforest,Flora do Brasil 2020
Bauhinia brachycarpa Wall. ex Benth.,164,0,13,113,0,13,38,0.00,0.07,0.69,0.23,0.00,0.08,Grass,,http://www.efloras.org/florataxon.aspx?flora_id=2&taxon_id=200011914
Bauhinia brevicalyx Du Puy & R.Rabev.,17,15,2,0,0,2,0,0.88,0.00,0.00,0.00,0.00,0.12,Rainforest - Succulent,,http://www.ville-ge.ch/musinfo/bd/cjb/africa/details.php?langue=an&id=203043; http://legacy.tropicos.org/Name/50216939?projectid=17
Bauhinia brevipes Vogel,310,82,29,189,0,28,10,0.26,0.10,0.61,0.03,0.00,0.09,Grass - Rainforest,Savanna-Succulent,"Flora do Brasil 2020; Lewis, 1987; Quieroz, 2009"
Bauhinia burchellii Benth.,24,1,8,15,0,5,0,0.04,0.29,0.63,0.00,0.00,0.21,Rainforest - Grass,,Flora do Brasil 2020
Bauhinia buscalionii Mattei,4,4,0,0,0,0,0,1.00,0.00,0.00,0.00,0.00,0.00,Succulent,Succulent,http://www.ville-ge.ch/musinfo/bd/cjb/africa/details.php?langue=an&id=63139; https://api.gbif.org/v1/image/unsafe/https%3A%2F%2Fmedialib.naturalis.nl%2Ffile%2Fid%2FWAG.1703005%2Fformat%2Flarge
Bauhinia calliandroides Rusby,1,0,1,0,0,0,0,0.00,1.00,0.00,0.00,0.00,0.00,Rainforest,,
Bauhinia caloneura Malme,2,0,0,2,0,0,0,0.00,0.00,1.00,0.00,0.00,0.00,Grass,Savanna,Flora do Brasil 2020
Bauhinia campestris Malme,3,0,0,3,0,0,0,0.00,0.00,1.00,0.00,0.00,0.00,Grass,Savanna,Flora do Brasil 2020
Bauhinia candelabriformis R.S.Cowan,4,2,0,2,0,0,0,0.50,0.00,0.50,0.00,0.00,0.00,Grass - Rainforest,Savanna,Flora do Brasil 2020
Bauhinia capuronii Du Puy & R.Rabev.,8,8,0,0,0,0,0,1.00,0.00,0.00,0.00,0.00,0.00,Succulent,Succulent,"http://www.ville-ge.ch/musinfo/bd/cjb/africa/details.php?langue=an&id=211707; https://plants.jstor.org/stable/10.5555/al.ap.specimen.k000417706?searchUri=qtype%3Dall%26query%3DBauhinia%2Bcapuronii; Babineau & Bruneau, 2017"
Bauhinia catingae Harms,119,111,0,2,3,0,3,0.93,0.05,0.02,0.03,0.03,0.00,Succulent,Savanna-Succulent,"Flora do Brasil 2020; Quieroz, 2009"
Bauhinia chapulhuacania Wunderlin,24,13,10,0,0,7,1,0.54,0.46,0.00,0.04,0.00,0.29,Rainforest - Succulent,,"Wunderlin, 1983"
Bauhinia cheilantha (Bong.) Steud.,540,445,16,44,2,7,33,0.82,0.04,0.08,0.06,0.00,0.01,Succulent,Savanna-Succulent,"Flora do Brasil 2020; Lewis, 1987; Quieroz, 2009"
Bauhinia cinnamomea DC.,42,0,42,0,0,9,0,0.00,1.00,0.00,0.00,0.00,0.21,Rainforest,Rainforest,Flora do Brasil 2020
Bauhinia coclensis R.Torres,1,0,1,0,0,0,0,0.00,1.00,0.00,0.00,0.00,0.00,Rainforest,,
Bauhinia conwayi Rusby,43,12,26,5,0,14,0,0.28,0.60,0.12,0.00,0.00,0.33,Rainforest - Grass - Succulent,Rainforest,Flora do Brasil 2020
Bauhinia cookii Rose,52,19,12,0,5,0,16,0.37,0.31,0.00,0.31,0.10,0.00,Rainforest - Succulent,,"Wunderlin, 1983; https://api.gbif.org/v1/image/unsafe/http%3A%2F%2Fn2t.net%2Fark%3A%2F65665%2Fm32ff38a74-2543-4d99-80b8-123575489415"
Bauhinia corifolia L.P.de Queiroz,2,0,0,1,1,0,0,0.00,0.50,0.50,0.00,0.50,0.00,Grass,Savanna,Flora do Brasil 2020; https://www.gbif.org/occurrence/912612587
Bauhinia corniculata Benth.,43,27,12,4,0,8,0,0.63,0.28,0.09,0.00,0.00,0.19,Rainforest - Succulent,Savanna-Rainforest,Flora do Brasil 2020; http://catalogoplantasdecolombia.unal.edu.co/en/resultados/especie/Bauhinia%20corniculata/; https://api.gbif.org/v1/image/unsafe/https%3A%2F%2Fcdn.plantatlas.org%2Fimg%2Fspecimens%2FUSF%2F197962.jpg; https://api.gbif.org/v1/image/unsafe/https%3A%2F%2Fcdn.plantatlas.org%2Fimg%2Fspecimens%2FUSF%2F196734.jpg
Bauhinia coulteri J.F.Macbr.,227,141,8,76,0,2,2,0.62,0.03,0.33,0.01,0.00,0.01,Grass - Rainforest,Savanna-Succulent,"Wunderlin, 1983"
Bauhinia cupulata Benth.,216,15,31,165,2,25,3,0.07,0.13,0.76,0.01,0.01,0.12,Rainforest - Grass,All 3?,Flora do Brasil 2020
Bauhinia curvula Benth.,138,8,1,128,0,1,1,0.06,0.01,0.93,0.01,0.00,0.01,Grass,,Flora do Brasil 2020
Bauhinia darainensis Thulin & Nusb.,3,3,0,0,0,0,0,1.00,0.00,0.00,0.00,0.00,0.00,Succulent,,
Bauhinia decandra Du Puy & R.Rabev.,43,27,2,1,4,2,9,0.63,0.23,0.02,0.21,0.09,0.05,Succulent,,http://www.ville-ge.ch/musinfo/bd/cjb/africa/details.php?langue=an&id=211723
Bauhinia depauperata Glaz.,46,7,5,34,0,5,0,0.15,0.11,0.74,0.00,0.00,0.11,Rainforest - Grass - Succulent,,
Bauhinia deserti (Britton & Rose) Lundell,78,75,0,0,0,0,3,0.96,0.01,0.00,0.04,0.00,0.00,Succulent,,"Wunderlin, 1983"
Bauhinia dipetala Hemsl.,78,39,26,0,3,20,10,0.50,0.40,0.00,0.13,0.04,0.26,Rainforest - Succulent,,
Bauhinia diptera Blume ex Miq.,27,0,27,0,0,0,0,0.00,0.93,0.00,0.00,0.00,0.00,Rainforest,,"De Wit, 1956"
Bauhinia divaricata L.,2004,719,375,5,441,149,464,0.36,0.53,0.00,0.23,0.22,0.07,Rainforest - Succulent,,"Wunderlin, 1983; Forero & Castellanos, 2017!"
Bauhinia dubia G.Don,166,26,26,100,0,10,14,0.16,0.14,0.60,0.08,0.00,0.06,Rainforest - Grass - Succulent,,"Flora do Brasil 2020; Quieroz, 2009"
Bauhinia dumosa Benth.,119,14,1,103,0,1,1,0.12,0.01,0.87,0.01,0.00,0.01,Grass - Rainforest,,"Flora do Brasil 2020; Lewis, 1987; Quieroz, 2009"
Bauhinia eilertsii Pulle,12,0,11,1,0,7,0,0.00,0.92,0.08,0.00,0.00,0.58,Rainforest,,
Bauhinia ellenbeckii Harms,16,15,0,0,0,0,1,0.94,0.00,0.00,0.06,0.00,0.00,Succulent,Succulent,http://www.ville-ge.ch/musinfo/bd/cjb/africa/details.php?langue=an&id=63140
Bauhinia erythrocalyx Wunderlin,100,0,49,0,48,17,3,0.00,1.00,0.00,0.03,0.48,0.17,Rainforest,,"Wunderlin, 1983"
Bauhinia esmeraldasensis Wunderlin,6,0,6,0,0,0,0,0.00,1.00,0.00,0.00,0.00,0.00,Rainforest,,
Bauhinia estrellensis Hassl.,1,0,0,1,0,0,0,0.00,0.00,1.00,0.00,0.00,0.00,Grass,,
Bauhinia eucosma S.F.Blake,2,0,2,0,0,0,0,0.00,1.00,0.00,0.00,0.00,0.00,Rainforest,,
Bauhinia exellii Torre & Hillc.,2,0,0,2,0,0,0,0.00,0.00,1.00,0.00,0.00,0.00,Grass,Savanna,http://www.ville-ge.ch/musinfo/bd/cjb/africa/details.php?langue=an&id=63141
Bauhinia flagelliflora Wunderlin,1,0,0,0,0,0,1,0.00,0.00,0.00,1.00,0.00,0.00,Other,,https://powo.science.kew.org/taxon/urn:lsid:ipni.org:names:30051-2
Bauhinia forficata Link,889,162,118,294,55,46,260,0.18,0.24,0.33,0.29,0.06,0.05,Rainforest - Grass - Succulent,,"Flora do Brasil 2020; Lewis, 1987; Quieroz, 2009"
Bauhinia fryxellii Wunderlin,7,7,0,0,0,0,0,1.00,0.00,0.00,0.00,0.00,0.00,Succulent,,"Wunderlin, 1983"
Bauhinia funchiana Vaz & G.P.Lewis,8,8,0,0,0,0,0,1.00,0.00,0.00,0.00,0.00,0.00,Succulent,Succulent,Flora do Brasil 2020
Bauhinia fusconervis (Bong.) Steud.,18,4,5,2,4,0,3,0.22,0.50,0.11,0.17,0.22,0.00,Rainforest - Grass - Succulent,Rainforest-Succulent,"Vaz, 2003; Flora do Brasil 2020"
Bauhinia galpinii N.E.Br.,211,137,1,60,0,0,13,0.65,0.00,0.28,0.06,0.00,0.00,Grass - Rainforest,,"De Wit, 1956; Flora do Brasil 2020; https://www.zimbabweflora.co.zw/speciesdata/species.php?species_id=126780; http://www.ville-ge.ch/musinfo/bd/cjb/africa/details.php?langue=an&id=63120"
Bauhinia gardneri Benth.,45,6,0,38,0,0,1,0.13,0.00,0.84,0.02,0.00,0.00,Grass - Rainforest,Savanna,Flora do Brasil 2020
Bauhinia geniculata Wunderlin,2,0,0,0,0,0,2,0.00,0.00,0.00,1.00,0.00,0.00,Other,,"Forero & Castellanos, 2017; https://powo.science.kew.org/taxon/urn:lsid:ipni.org:names:60444120-2"
Bauhinia glaziovii Taub.,6,0,2,4,0,0,0,0.00,0.33,0.67,0.00,0.00,0.00,Rainforest - Grass,Rainforest,Flora do Brasil 2020
Bauhinia goyazensis Harms,32,1,0,31,0,0,0,0.03,0.00,0.97,0.00,0.00,0.00,Grass,Savanna,Flora do Brasil 2020
Bauhinia grandidieri Baill.,136,92,0,0,24,0,20,0.68,0.26,0.00,0.15,0.18,0.00,Succulent,Succulent,http://www.ville-ge.ch/musinfo/bd/cjb/africa/details.php?langue=an&id=206580
Bauhinia grandifolia (Bong.) D.Dietr.,7,0,7,0,0,2,0,0.00,1.00,0.00,0.00,0.00,0.29,Rainforest,Rainforest,"Vaz & Tozzi, 2003; Flora do Brasil 2020"
Bauhinia grevei Drake,81,72,3,3,1,3,2,0.89,0.05,0.04,0.02,0.01,0.04,Succulent,,"http://www.ville-ge.ch/musinfo/bd/cjb/africa/details.php?langue=an&id=209844; http://www.ville-ge.ch/musinfo/bd/cjb/chg/adetail.php?id=354523&lang=en; Babineau & Bruneau, 2017"
Bauhinia gypsicola McVaugh,3,3,0,0,0,0,0,1.00,0.00,0.00,0.00,0.00,0.00,Succulent,,
Bauhinia hagenbeckii Harms,49,30,0,18,0,0,1,0.61,0.00,0.37,0.02,0.00,0.00,Grass - Rainforest,Savanna,https://api.gbif.org/v1/image/unsafe/https%3A%2F%2Ffm-digital-assets.fieldmuseum.org%2F906%2F156%2FV0100550F.jpg; https://api.gbif.org/v1/image/unsafe/https%3A%2F%2Ffm-digital-assets.fieldmuseum.org%2F906%2F158%2FV0100552F.jpg
Bauhinia hainanensis Merr. & Chun ex H.Y.Chen,3,0,2,1,0,2,0,0.00,0.67,0.33,0.00,0.00,0.67,Rainforest - Grass,,
Bauhinia haughtii Wunderlin,6,0,5,0,1,0,0,0.00,1.00,0.00,0.00,0.17,0.00,Rainforest,,
Bauhinia hildebrandtii Vatke,139,103,5,1,13,5,17,0.74,0.16,0.01,0.12,0.09,0.04,Succulent,,http://www.ville-ge.ch/musinfo/bd/cjb/africa/details.php?langue=an&id=202532; http://www.ville-ge.ch/musinfo/bd/cjb/chg/adetail.php?id=350136&lang=en
Bauhinia hirsuta Weinm.,14,0,9,2,0,7,3,0.00,0.64,0.14,0.21,0.00,0.50,Rainforest - Grass,,"De Wit, 1956"
Bauhinia holophylla (Bong.) Steud.,234,17,11,204,0,11,2,0.07,0.05,0.87,0.01,0.00,0.05,Grass,Savanna,Flora do Brasil 2020
Bauhinia humilis Rusby,1,0,1,0,0,1,0,0.00,1.00,0.00,0.00,0.00,1.00,Rainforest,,
Bauhinia integerrima Mart. ex Benth.,42,3,18,1,20,5,0,0.07,0.86,0.02,0.00,0.48,0.12,Rainforest,Rainforest,"Flora do Brasil 2020; Lewis, 1987"
Bauhinia involucrans Gagnep.,1,0,1,0,0,0,0,0.00,1.00,0.00,0.00,0.00,0.00,Rainforest,,
Bauhinia iuerhi K.Larsen & S.S.Larsen (ined.),2,0,2,0,0,0,0,0.00,1.00,0.00,0.00,0.00,0.00,Rainforest,,
Bauhinia jenningsii P.Wilson,238,4,120,0,76,22,38,0.02,0.94,0.00,0.16,0.32,0.09,Rainforest,,"Wunderlin, 1983"
Bauhinia jucunda Brandegee,28,0,1,0,17,1,10,0.00,1.00,0.00,0.36,0.61,0.04,Other,,https://api.gbif.org/v1/image/unsafe/https%3A%2F%2Ffm-digital-assets.fieldmuseum.org%2F352%2F158%2FV0090246F.jpg; https://www.gbif.org/tools/zoom/simple.html?src=//api.gbif.org/v1/image/unsafe/http%3A%2F%2Fsweetgum.nybg.org%2Fimages3%2F2545%2F111%2F03196402.jpg; https://powo.science.kew.org/taxon/urn:lsid:ipni.org:names:30091-2
Bauhinia kalantha Harms,6,5,0,1,0,0,0,0.83,0.00,0.17,0.00,0.00,0.00,Succulent,Succulent,http://www.ville-ge.ch/musinfo/bd/cjb/africa/details.php?langue=an&id=63142; https://plants.jstor.org/search?qtype=all&query=Bauhinia+kalantha
Bauhinia kleiniana Burkart,2,0,0,1,0,0,1,0.00,0.00,0.50,0.50,0.00,0.00,Grass,,
Bauhinia leptantha Malme,36,34,0,2,0,0,0,0.94,0.00,0.06,0.00,0.00,0.00,Succulent,Savanna,"Vaz & Tozzi, 2003; Flora do Brasil 2020"
Bauhinia leucantha Thulin,1,1,0,0,0,0,0,1.00,0.00,0.00,0.00,0.00,0.00,Succulent,Succulent,http://www.ville-ge.ch/musinfo/bd/cjb/africa/details.php?langue=an&id=63143
Bauhinia lingyuenensis T.C.Chen,1,0,0,1,0,0,0,0.00,0.00,1.00,0.00,0.00,0.00,Grass,,
Bauhinia longicuspis Spruce ex Benth.,372,8,264,74,1,127,25,0.02,0.72,0.20,0.07,0.00,0.34,Rainforest - Grass,Savanna-Rainforest,"Vaz & Tozzi, 2003; http://catalogoplantasdecolombia.unal.edu.co/en/resultados/especie/Bauhinia%20longicuspis/; Flora do Brasil 2020; Forero & Castellanos, 2017"
Bauhinia longifolia (Bong.) Steud.,372,82,54,171,34,25,31,0.22,0.26,0.46,0.08,0.09,0.07,Rainforest - Grass - Succulent,Rainforest,"Vaz & Tozzi, 2003; Flora do Brasil 2020; Forero & Castellanos, 2017; https://powo.science.kew.org/taxon/urn:lsid:ipni.org:names:481456-1"
Bauhinia longipedicellata Ducke,28,0,27,1,0,18,0,0.00,0.89,0.04,0.00,0.00,0.64,Rainforest,Rainforest,"Vaz & Tozzi, 2003; Flora do Brasil 2020"
Bauhinia lunarioides A.Gray ex S.Watson,98,96,0,0,0,0,2,0.98,0.00,0.00,0.02,0.00,0.00,Succulent,,
Bauhinia macrantha Oliv.,147,28,0,119,0,0,0,0.19,0.00,0.81,0.00,0.00,0.00,Grass - Rainforest,Savanna,"Wunderlin, 1983; https://www.zimbabweflora.co.zw/speciesdata/species.php?species_id=126800; https://powo.science.kew.org/taxon/urn:lsid:ipni.org:names:481468-1"
Bauhinia macranthera Benth. ex Hemsl.,153,138,5,2,0,2,8,0.90,0.03,0.01,0.05,0.00,0.01,Succulent,,
Bauhinia madagascariensis Desv.,139,95,0,1,17,0,26,0.68,0.24,0.01,0.19,0.12,0.00,Succulent,Succulent-Rainforest,http://legacy.tropicos.org/Name/13027340?projectid=17; http://www.ville-ge.ch/musinfo/bd/cjb/chg/adetail.php?id=354247&lang=en
Bauhinia malacotricha Harms,9,0,0,9,0,0,0,0.00,0.00,1.00,0.00,0.00,0.00,Grass,Savanna,"Vaz & Tozzi, 2003; Flora do Brasil 2020"
Bauhinia malacotrichoides R.S.Cowan,7,2,0,5,0,0,0,0.29,0.00,0.71,0.00,0.00,0.00,Grass - Rainforest,Savanna,"Vaz & Tozzi, 2003; Flora do Brasil 2020"
Bauhinia marginata (Bong.) Steud.,1,1,0,0,0,0,0,1.00,0.00,0.00,0.00,0.00,0.00,Succulent,Savanna,Flora do Brasil 2020
Bauhinia martinensis J.F.Macbr.,3,0,0,0,2,0,1,0.00,0.67,0.00,0.33,0.67,0.00,Overlap,,https://powo.science.kew.org/taxon/urn:lsid:ipni.org:names:29981-2
Bauhinia melastomatoidea R.Torres,5,0,4,0,0,0,1,0.00,0.60,0.00,0.20,0.00,0.00,Rainforest,,
Bauhinia membranacea Benth.,41,20,4,17,0,0,0,0.49,0.10,0.41,0.00,0.00,0.00,Grass - Rainforest,Savanna-Rainforest,"Vaz & Tozzi, 2003; Flora do Brasil 2020"
Bauhinia mendoncae Torre & Hillc.,7,0,0,7,0,0,0,0.00,0.00,1.00,0.00,0.00,0.00,Grass,Savanna,http://www.ville-ge.ch/musinfo/bd/cjb/africa/details.php?langue=an&id=63144
Bauhinia miriamae R.Torres,1,0,0,0,0,0,1,0.00,0.00,0.00,1.00,0.00,0.00,Other,,https://powo.science.kew.org/taxon/urn:lsid:ipni.org:names:77085549-1
Bauhinia mollis (Bong.) D.Dietr.,205,111,6,83,0,5,5,0.54,0.03,0.40,0.02,0.00,0.02,Grass - Rainforest,Savanna-Rainforest,Flora do Brasil 2020
Bauhinia mombassae Vatke,26,24,0,2,0,0,0,0.92,0.00,0.08,0.00,0.00,0.00,Succulent,,http://www.ville-ge.ch/musinfo/bd/cjb/africa/details.php?langue=an&id=63161; http://www.ville-ge.ch/musinfo/bd/cjb/africa/details.php?langue=an&id=63145
Bauhinia monandra Kurz,280,115,64,26,5,35,70,0.41,0.28,0.09,0.25,0.02,0.13,Rainforest - Succulent,,"De Wit, 1956; Flora do Brasil 2020; Lewis, 1987; Flora de Guinea Ecuatorial http://www.ville-ge.ch/musinfo/bd/cjb/africa/details.php?langue=an&id=63151;http://floradeguinea.com/herbario/5099/; http://www.ville-ge.ch/musinfo/bd/cjb/chg/adetail.php?id=354386&lang=en"
Bauhinia morondavensis Du Puy & R.Rabev.,29,28,0,0,0,0,1,0.97,0.00,0.00,0.03,0.00,0.00,Succulent,Succulent,http://www.ville-ge.ch/musinfo/bd/cjb/africa/details.php?langue=an&id=211735
Bauhinia multinervia (Kunth) DC.,23,11,5,1,0,0,6,0.48,0.22,0.04,0.26,0.00,0.00,Rainforest - Succulent,Rainforest,"Wunderlin, 1983"
Bauhinia natalensis Oliv.,24,11,0,12,0,0,1,0.46,0.00,0.50,0.04,0.00,0.00,Grass - Rainforest,Succulent,https://plants.jstor.org/stable/10.5555/al.ap.flora.flosa000110031800014?searchUri=qtype%3Dall%26query%3DBauhinia%2Bnatalensis
Bauhinia ombrophila Du Puy & R.Rabev.,8,0,6,0,0,6,2,0.00,0.75,0.00,0.25,0.00,0.75,Rainforest,Rainforest,http://www.ville-ge.ch/musinfo/bd/cjb/africa/details.php?langue=an&id=211731
Bauhinia ovata (Bong.) Vogel,39,3,7,0,19,1,10,0.08,0.85,0.00,0.26,0.49,0.03,Rainforest,Rainforest,Flora do Brasil 2020
Bauhinia pansamalana Donn.Sm.,10,0,5,0,0,2,5,0.00,0.50,0.00,0.50,0.00,0.20,Rainforest,,
Bauhinia parviloba Ducke,2,0,2,0,0,0,0,0.00,1.00,0.00,0.00,0.00,0.00,Rainforest,,
Bauhinia pauletia Pers.,331,239,17,3,2,3,70,0.72,0.09,0.01,0.21,0.01,0.01,Succulent,Succulent,"Wunderlin, 1983; Forero & Castellanos, 2017; Castellanos & Lewis, 2012"
Bauhinia pentandra (Bong.) Vogel ex D.Dietr.,393,283,6,94,0,2,10,0.72,0.03,0.24,0.03,0.00,0.01,Grass - Rainforest,Savanna-Succulent,"Flora do Brasil 2020; Lewis, 1987; Quieroz, 2009"
Bauhinia pervilleana Baill.,19,19,0,0,0,0,0,1.00,0.00,0.00,0.00,0.00,0.00,Succulent,Succulent,"http://www.ville-ge.ch/musinfo/bd/cjb/africa/details.php?langue=an&id=206524; Babineau & Bruneau, 2017"
Bauhinia pes-caprae Cav.,9,9,0,0,0,0,0,1.00,0.00,0.00,0.00,0.00,0.00,Succulent,,"Wunderlin, 1983"
Bauhinia petersiana Bolle,115,35,0,71,0,0,9,0.30,0.00,0.62,0.08,0.00,0.00,Grass - Rainforest,,https://www.zimbabweflora.co.zw/speciesdata/species.php?species_id=126790; http://www.ville-ge.ch/musinfo/bd/cjb/africa/details.php?langue=an&id=176783
Bauhinia petiolata (Mutis ex DC.) Triana ex Hook.,42,12,4,1,0,0,25,0.29,0.10,0.02,0.60,0.00,0.00,Succulent,Rainforest,"Wunderlin, 1983; http://catalogoplantasdecolombia.unal.edu.co/en/resultados/especie/Bauhinia%20petiolata/; Castellanos & Lewis, 2012"
Bauhinia pichinchensis Wunderlin,33,0,21,0,0,0,12,0.00,0.70,0.00,0.36,0.00,0.00,Rainforest,,
Bauhinia picta (Kunth) DC.,112,3,36,8,0,2,65,0.03,0.30,0.07,0.58,0.00,0.02,Rainforest,,"Wunderlin, 1983; Forero & Castellanos, 2017; http://catalogoplantasdecolombia.unal.edu.co/en/resultados/especie/Bauhinia%20petiolata/; Castellanos & Lewis, 2012"
Bauhinia pinheiroi Wunderlin,13,1,5,0,5,0,2,0.08,0.92,0.00,0.15,0.38,0.00,Rainforest,Rainforest,"Flora do Brasil 2020; Lewis, 1987"
Bauhinia platyphylla Benth.,10,1,0,9,0,0,0,0.10,0.00,0.90,0.00,0.00,0.00,Grass - Rainforest,Savanna,"Vaz & Tozzi, 2003; Flora do Brasil 2020; Lewis, 1987"
Bauhinia podopetala Baker,43,41,0,0,1,0,1,0.95,0.05,0.00,0.02,0.02,0.00,Succulent,,http://www.ville-ge.ch/musinfo/bd/cjb/africa/details.php?langue=an&id=210601
Bauhinia pottsii G.Don,45,0,33,8,0,2,4,0.00,0.80,0.18,0.09,0.00,0.04,Rainforest - Grass,Rainforest,"De Wit, 1956"
Bauhinia prainiana Craib,1,0,0,1,0,0,0,0.00,0.00,1.00,0.00,0.00,0.00,Grass,,
Bauhinia pringlei S.Watson,81,81,0,0,0,0,0,1.00,0.00,0.00,0.00,0.00,0.00,Succulent,,"Wunderlin, 1983"
Bauhinia pulchella Benth.,464,211,80,146,0,75,27,0.45,0.14,0.31,0.06,0.00,0.16,Rainforest - Grass - Succulent,Savanna-Rainforest,"Vaz & Tozzi, 2003; Flora do Brasil 2020; Lewis, 1987; Quieroz, 2009"
Bauhinia purpurea L.,153,23,49,42,6,25,33,0.15,0.37,0.27,0.22,0.04,0.16,Rainforest - Grass - Succulent,,Flora do Brasil 2020; http://www.ville-ge.ch/musinfo/bd/cjb/africa/details.php?langue=an&id=63131
Bauhinia racemosa Lam.,11,0,3,4,0,2,4,0.00,0.27,0.36,0.36,0.00,0.18,Rainforest - Grass,,https://api.gbif.org/v1/image/unsafe/https%3A%2F%2Fmedialib.naturalis.nl%2Ffile%2Fid%2FL.3892546%2Fformat%2Flarge; https://api.gbif.org/v1/image/unsafe/https%3A%2F%2Fmedialib.naturalis.nl%2Ffile%2Fid%2FL.1962547%2Fformat%2Flarge
Bauhinia ramirezii Reynoso,5,5,0,0,0,0,0,1.00,0.00,0.00,0.00,0.00,0.00,Succulent,,
Bauhinia ramosissima Benth. ex Hemsl.,134,130,3,0,0,2,1,0.97,0.02,0.00,0.01,0.00,0.01,Succulent,Succulent,"Wunderlin, 1983"
Bauhinia retifolia Standl.,8,8,0,0,0,0,0,1.00,0.00,0.00,0.00,0.00,0.00,Succulent,,
Bauhinia richardiana DC.,1,0,1,0,0,0,0,0.00,1.00,0.00,0.00,0.00,0.00,Rainforest,,
Bauhinia rubeleruziana Donn.Sm.,83,2,77,0,0,47,4,0.02,0.88,0.00,0.05,0.00,0.57,Rainforest,Rainforest,"Wunderlin, 1983"
Bauhinia rufa (Bong.) Steud.,574,130,63,373,4,40,4,0.23,0.12,0.65,0.01,0.01,0.07,Rainforest - Grass - Succulent,Savanna-Succulent,"Vaz & Tozzi, 2003; Flora do Brasil 2020; Lewis, 1987"
Bauhinia rufescens Lam.,85,5,3,69,0,0,8,0.06,0.04,0.81,0.09,0.00,0.00,Grass,Savanna,http://www.ville-ge.ch/musinfo/bd/cjb/africa/details.php?langue=an&id=63146
Bauhinia saccocalyx Pierre,21,0,3,17,0,2,1,0.00,0.19,0.81,0.05,0.00,0.10,Rainforest - Grass,,
Bauhinia seleriana Harms,45,41,0,2,0,0,2,0.91,0.02,0.04,0.04,0.00,0.00,Succulent,,"Wunderlin, 1983"
Bauhinia seminarioi Harms ex Eggers,7,0,4,0,1,0,2,0.00,1.00,0.00,0.29,0.14,0.00,Rainforest,,
Bauhinia smilacifolia Burch. ex Benth.,5,2,0,2,0,0,1,0.40,0.00,0.40,0.20,0.00,0.00,Grass - Rainforest,Savanna,"Vaz & Tozzi, 2003; Flora do Brasil 2020"
Bauhinia stenantha Diels,7,5,2,0,0,2,0,0.71,0.29,0.00,0.00,0.00,0.29,Rainforest - Succulent,,https://fm-digital-assets.fieldmuseum.org/495/509/V0100841F.jpg; https://herbariovaa.org/taxa/index.php?tid=22302&taxauthid=1&clid=0
Bauhinia subclavata Benth.,91,70,0,18,0,0,3,0.77,0.01,0.20,0.03,0.00,0.00,Grass - Rainforest,Savanna-Succulent,"Vaz & Tozzi, 2003; Flora do Brasil 2020; Quieroz, 2009"
Bauhinia subrotundifolia Cav.,87,85,1,0,0,0,1,0.98,0.01,0.00,0.01,0.00,0.00,Succulent,,"Wunderlin, 1983"
Bauhinia taitensis Taub.,36,35,0,0,0,0,1,0.97,0.00,0.00,0.03,0.00,0.00,Succulent,Succulent,http://www.ville-ge.ch/musinfo/bd/cjb/africa/details.php?langue=an&id=63148
Bauhinia tarapotensis Benth.,236,1,199,8,3,11,25,0.00,0.82,0.03,0.11,0.01,0.05,Rainforest,Rainforest,"Flora do Brasil 2020; Forero & Castellanos, 2017; Castellanos & Lewis, 2012"
Bauhinia tenella Benth.,30,8,0,20,0,0,2,0.27,0.00,0.67,0.07,0.00,0.00,Grass - Rainforest,Savanna,"Vaz & Tozzi, 2003; Flora do Brasil 2020"
Bauhinia tessmannii Harms,2,0,2,0,0,0,0,0.00,1.00,0.00,0.00,0.00,0.00,Rainforest,,Flora do Brasil 2020
Bauhinia thompsonii I.M.Johnst.,1,0,1,0,0,0,0,0.00,0.00,0.00,0.00,0.00,0.00,Rainforest,,
Bauhinia tomentosa L.,171,88,17,40,0,8,26,0.51,0.10,0.23,0.15,0.00,0.05,Grass - Rainforest,,"Flora do Brasil 2020; De Wit, 1956; Lewis, 1987; http://www.ville-ge.ch/musinfo/bd/cjb/africa/details.php?langue=an&id=63134"
Bauhinia tuichiensis Cayola & A.Fuentes,24,2,0,0,0,0,22,0.08,0.00,0.00,0.92,0.00,0.00,Other,,https://powo.science.kew.org/taxon/urn:lsid:ipni.org:names:60459402-2
Bauhinia ungulata L.,1714,469,385,555,66,224,239,0.27,0.29,0.32,0.14,0.04,0.13,Rainforest - Grass - Succulent,Savanna-Rainforest,"Wunderlin, 1983; Flora do Brasil 2020; Lewis, 1987"
Bauhinia urbaniana Schinz,43,3,0,40,0,0,0,0.07,0.00,0.93,0.00,0.00,0.00,Grass,Savanna,http://www.ville-ge.ch/musinfo/bd/cjb/africa/details.php?langue=an&id=63136
Bauhinia uruguayensis Benth.,23,4,1,15,0,0,3,0.17,0.04,0.65,0.13,0.00,0.00,Grass - Rainforest,Rainforest,Flora do Brasil 2020;https://api.gbif.org/v1/image/unsafe/http%3A%2F%2Ffm-digital-assets.fieldmuseum.org%2F495%2F628%2FV0100961F.jpg
Bauhinia variegata L.,430,125,72,123,10,40,100,0.29,0.20,0.29,0.23,0.02,0.09,Rainforest - Grass - Succulent,,"Flora do Brasil 2020; De Wit, 1956; Lewis, 1987; https://www.zimbabweflora.co.zw/speciesdata/species.php?species_id=126820"
Bauhinia vespertilio S.Moore,6,1,0,4,0,0,1,0.17,0.00,0.67,0.17,0.00,0.00,Grass - Rainforest,Savanna,Flora do Brasil 2020
Bauhinia viorna Standl. ex J.F.Macbr.,1,0,0,0,0,0,1,0.00,0.00,0.00,1.00,0.00,0.00,Other,,https://powo.science.kew.org/taxon/urn:lsid:ipni.org:names:77111932-1
Bauhinia viridescens Desv.,50,0,27,21,0,10,2,0.00,0.60,0.42,0.04,0.00,0.20,Rainforest - Grass,Savanna-Rainforest,"De Wit, 1956"
Bauhinia weberbaueri Harms,19,15,1,3,0,1,0,0.79,0.05,0.16,0.00,0.00,0.05,Grass - Rainforest,,
Bauhinia X blakeana Dunn,10,1,4,3,0,2,2,0.10,0.30,0.30,0.20,0.00,0.20,Rainforest - Grass - Succulent,,Flora do Brasil 2020; https://www.nparks.gov.sg/florafaunaweb/flora/2/7/2748
Bauhinia xerophyta Du Puy & R.Rabev.,22,22,0,0,0,0,0,1.00,0.00,0.00,0.00,0.00,0.00,Succulent,Succulent,"POWO; http://legacy.tropicos.org/Name/50216962?projectid=17; specimen http://powo.science.kew.org/taxon/urn:lsid:ipni.org:names:20004561-1. Not in Du Puy 1997? Leguminosae of Madagascar; Babineau & Bruneau, 2017"
Brenierea insignis Humbert,35,28,0,,1,0,6,0.80,,0.00,0.17,0.03,0.00,Succulent,,"http://legacy.tropicos.org/Name/13049786?projectid=17; Babineau & Bruneau, 2017"
Cercis canadensis L.,1680,175,10,838,0,9,657,0.10,0.01,0.50,0.39,0.00,0.01,Grass - Rainforest,,
Cercis canadensis subsp. canadensis,324,0,0,209,0,0,115,0.00,0.00,0.65,0.35,0.00,0.00,Grass,,
Cercis canadensis subsp. mexicana (Rose) A.E.Murray,34,31,0,0,0,0,3,0.91,0.03,0.00,0.09,0.00,0.00,Succulent,,
Cercis canadensis subsp. texensis (S.Watson) A.E.Murray,81,24,0,48,0,0,9,0.30,0.00,0.59,0.11,0.00,0.00,Grass - Rainforest,,http://powo.science.kew.org/taxon/urn:lsid:ipni.org:names:920638-1; https://www.missouribotanicalgarden.org/PlantFinder/PlantFinderDetails.aspx?kempercode=h550
Cercis chinensis Bunge,113,0,1,86,0,1,26,0.00,0.00,0.76,0.23,0.00,0.01,Grass,,"Hui-Lin Li,1944; http://www.efloras.org/florataxon.aspx?flora_id=2&taxon_id=200012037; http://powo.science.kew.org/taxon/urn:lsid:ipni.org:names:485670-1"
Cercis chingii Chun,8,0,0,6,0,0,2,0.00,0.00,0.75,0.25,0.00,0.00,Grass,,http://www.efloras.org/florataxon.aspx?flora_id=2&taxon_id=200012040
Cercis chuniana F.P.Metcalf,18,0,0,18,0,0,0,0.00,0.00,1.00,0.00,0.00,0.00,Grass,,"Hui-Lin Li,1944; http://www.efloras.org/florataxon.aspx?flora_id=2&taxon_id=200012041"
Cercis glabra Pamp.,26,0,0,24,0,0,2,0.00,0.00,0.92,0.08,0.00,0.00,Grass,,http://www.efloras.org/florataxon.aspx?flora_id=2&taxon_id=200012042
Cercis griffithii Boiss.,17,0,0,5,0,0,12,0.00,0.00,0.29,0.71,0.00,0.00,Grass,,http://powo.science.kew.org/taxon/urn:lsid:ipni.org:names:485678-1
Cercis occidentalis Torr. ex A.Gray,563,169,0,113,0,0,281,0.30,0.00,0.20,0.50,0.00,0.00,Grass - Rainforest,,http://www.plantsoftheworldonline.org/taxon/urn:lsid:ipni.org:names:52663-2; https://www.biodiversitylibrary.org/page/32406679#page/185/mode/1up
Cercis orbiculata Greene,102,80,0,21,0,0,1,0.78,0.00,0.21,0.01,0.00,0.00,Grass - Rainforest,,http://powo.science.kew.org/taxon/urn:lsid:ipni.org:names:52666-2
Cercis racemosa Oliv.,9,0,0,7,0,0,2,0.00,0.00,0.78,0.22,0.00,0.00,Grass,Temperate,"Hui-Lin Li,1944; http://www.efloras.org/florataxon.aspx?flora_id=2&taxon_id=200012043"
Cercis siliquastrum L.,166,0,0,14,0,0,152,0.00,0.00,0.08,0.92,0.00,0.00,Grass,,"Schrire et al, 2005"
Cercis siliquastrum subsp. siliquastrum,15,0,0,0,0,0,15,0.00,0.00,0.00,1.00,0.00,0.00,Other,,"Schrire et al, 2005"
Cheniella clemensiorum (Merr.) R.Clark & Mackinder,5,0,5,0,0,1,0,0.00,1.00,0.00,0.00,0.00,0.20,Rainforest,Rainforest,"Gagnepain et al, 1907; Clark et al, 2017"
Cheniella corymbosa (Roxb. ex DC.) R.Clark & Mackinder,19,2,9,7,0,7,1,0.11,0.50,0.37,0.05,0.00,0.37,Rainforest - Grass - Succulent,Rainforest,"Clark et al, 2017; http://www.efloras.org/florataxon.aspx?flora_id=2&taxon_id=200011925;"
Cheniella damiaoshanensis (T.C.Chen) R.Clark & Mackinder,1,0,0,1,0,0,0,0.00,0.00,1.00,0.00,0.00,0.00,Grass,,"Clark et al, 2017"
Cheniella didyma (H.Y.Chen) R.Clark & Mackinder,4,0,3,1,0,3,0,0.00,0.50,0.25,0.00,0.00,0.75,Rainforest - Grass,Rainforest,"Clark et al, 2017"
Cheniella glauca (Benth.) R.Clark & Mackinder,108,0,26,65,0,15,17,0.00,0.19,0.60,0.16,0.00,0.14,Rainforest - Grass,,"Clark et al, 2017; De Wit, 1956"
Cheniella lakhonensis (Gagnep.) R.Clark & Mackinder,8,0,5,3,0,4,0,0.00,0.50,0.38,0.00,0.00,0.50,Rainforest - Grass,,"Clark et al, 2017; http://powo.science.kew.org/taxon/urn:lsid:ipni.org:names:77165912-1"
Cheniella ovatifolia (T.C.Chen) R.Clark & Mackinder,1,0,1,0,0,1,0,0.00,0.00,0.00,0.00,0.00,1.00,Rainforest,,"Clark et al, 2017"
Cheniella tenuiflora (Watt ex C.B.Clarke) R.Clark & Mackinder,120,1,29,82,0,24,8,0.01,0.17,0.68,0.07,0.00,0.20,Rainforest - Grass,Savanna-Rainforest,"Clark et al, 2017"
Cheniella touranensis (Gagnep.) R.Clark & Mackinder,22,0,16,6,0,12,0,0.00,0.68,0.27,0.00,0.00,0.55,Rainforest - Grass,,"Clark et al, 2017"
Gigasiphon dolichocalyx (Merr.) de Wit,1,0,0,0,0,0,1,0.00,0.00,0.00,1.00,0.00,0.00,Other,Savanna,"http://powo.science.kew.org/taxon/urn:lsid:ipni.org:names:496526-1; Flora Malesiana p.448; De Wit, 1956"
Gigasiphon humblotianum (Baill.) Drake,12,3,5,0,0,5,4,0.25,0.25,0.00,0.33,0.00,0.42,Rainforest - Succulent,,"Babineau & Bruneau, 2017; http://legacy.tropicos.org/Name/13051003?projectid=17"
Gigasiphon macrosiphon (Harms) Brenan,19,14,0,0,0,0,5,0.74,0.05,0.00,0.26,0.00,0.00,Succulent,Rainforest,http://powo.science.kew.org/taxon/urn:lsid:ipni.org:names:496529-1; http://www.ville-ge.ch/musinfo/bd/cjb/africa/details.php?langue=an&id=70187
Gigasiphon schlechteri (Harms) de Wit,8,0,8,0,0,8,0,0.00,1.00,0.00,0.00,0.00,1.00,Rainforest,,"Flora Malesiana p.448; De Wit, 1956"
Griffonia physocarpa Baill.,92,0,91,0,0,29,1,0.00,0.99,0.00,0.01,0.00,0.32,Rainforest,Rainforest,Flora de Guinea Ecuatorial
Griffonia simplicifolia (Vahl ex DC.) Baill.,76,0,56,7,0,14,13,0.00,0.86,0.09,0.17,0.00,0.18,Rainforest,,
Griffonia speciosa (Welw. ex Benth.) Taub.,12,0,6,5,0,5,1,0.00,0.50,0.42,0.08,0.00,0.42,Rainforest - Grass,Rainforest,"Aleman et al, 2021; http://powo.science.kew.org/taxon/urn:lsid:ipni.org:names:497083-1; https://api.gbif.org/v1/image/unsafe/http%3A%2F%2Foxalis.br.fgov.be%2Fimages%2FBR0%2F000%2F017%2F353%2F953%2FBR0000017353953.jpg; https://www.gbif.org/occurrence/2516116208"
Griffonia tessmannii (De Wild.) Compère,11,0,11,0,0,3,0,0.00,1.00,0.00,0.00,0.00,0.27,Rainforest,Rainforest,Flora de Guinea Ecuatorial
Lysiphyllum binatum (Blanco) de Wit,98,0,32,56,0,17,10,0.00,0.28,0.57,0.10,0.00,0.17,Rainforest - Grass,,"https://profiles.ala.org.au/opus/foa/profile/Bauhinia%20binata; De Wit, 1956"
Lysiphyllum carronii (F.Muell.) Pedley,141,0,0,134,0,0,7,0.00,0.00,0.95,0.05,0.00,0.00,Grass,,https://profiles.ala.org.au/opus/foa/profile/Bauhinia%20carronii
Lysiphyllum cunninghamii (Benth.) de Wit,447,0,0,445,0,0,2,0.00,0.00,1.00,0.00,0.00,0.00,Grass,,
Lysiphyllum dewitii (K.Larsen & S.S.Larsen) Bandyop. & Ghoshal,1,0,1,0,0,0,0,0.00,1.00,0.00,0.00,0.00,0.00,Rainforest,,Flora Malesiana p.503
Lysiphyllum diphyllum (Banks) de Wit,4,0,2,0,0,0,2,0.00,0.50,0.00,0.50,0.00,0.00,Rainforest,Savanna,Flora Malesiana p.502
Lysiphyllum gilvum (F.M.Bailey) Pedley,190,0,1,78,0,1,111,0.00,0.01,0.41,0.58,0.00,0.01,Grass,,https://profiles.ala.org.au/opus/foa/profile/Bauhinia%20gilva
Lysiphyllum hookeri (F.Muell.) Pedley,217,0,14,199,0,12,4,0.00,0.04,0.92,0.02,0.00,0.06,Grass,,https://profiles.ala.org.au/opus/foa/profile/Bauhinia%20hookeri
Lysiphyllum strychnifolium (Craib) A.Schmitz,3,0,1,2,0,0,0,0.00,0.33,0.67,0.00,0.00,0.00,Rainforest - Grass,,http://powo.science.kew.org/taxon/urn:lsid:ipni.org:names:505340-1
Lysiphyllum winitii (Craib) de Wit,6,0,3,2,0,3,1,0.00,0.50,0.33,0.17,0.00,0.50,Rainforest - Grass,Savanna,"http://powo.science.kew.org/taxon/urn:lsid:ipni.org:names:505341-1; De Wit, 1956"
Phanera aherniana (G.Perkins) de Wit,1,0,0,0,0,0,1,0.00,0.00,0.00,1.00,0.00,0.00,Other,Savanna,"De Wit, 1956; https://api.gbif.org/v1/image/unsafe/https%3A%2F%2Fmedialib.naturalis.nl%2Ffile%2Fid%2FL.1972825%2Fformat%2Flarge; https://api.gbif.org/v1/image/unsafe/https%3A%2F%2Fmedialib.naturalis.nl%2Ffile%2Fid%2FL.1972875%2Fformat%2Flarge"
"Phanera andersonii (K.Larsen & S.S.Larsen) Bandyop., Ghoshal & M.K.Pathak",2,0,2,0,0,0,0,0.00,1.00,0.00,0.00,0.00,0.00,Rainforest,,https://api.gbif.org/v1/image/unsafe/https%3A%2F%2Fmedialib.naturalis.nl%2Ffile%2Fid%2FL.3982861%2Fformat%2Flarge; https://api.gbif.org/v1/image/unsafe/https%3A%2F%2Fmedialib.naturalis.nl%2Ffile%2Fid%2FL.1972807%2Fformat%2Flarge
Phanera argentea de Wit,17,0,17,0,0,0,0,0.00,1.00,0.00,0.00,0.00,0.00,Rainforest,,
Phanera audax de Wit,3,0,3,0,0,0,0,0.00,1.00,0.00,0.00,0.00,0.00,Rainforest,Rainforest,"De Wit, 1956"
Phanera aurea (H.L√©v.) Mackinder & R.Clark,18,0,8,10,0,8,0,0.00,0.33,0.56,0.00,0.00,0.44,Rainforest - Grass,,
"Phanera aureifolia (K.Larsen & S.S.Larsen) Bandyop., Ghoshal & M.K.Pathak",2,0,2,0,0,0,0,0.00,1.00,0.00,0.00,0.00,0.00,Rainforest,,https://powo.science.kew.org/taxon/urn:lsid:ipni.org:names:77124798-1
Phanera bassacensis (Pierre ex Gagnep.) de Wit,29,0,24,5,0,7,0,0.00,0.76,0.17,0.00,0.00,0.24,Rainforest - Grass,,
Phanera bidentata (Jack) Benth.,18,0,17,0,0,2,1,0.00,1.00,0.00,0.06,0.00,0.11,Rainforest,Rainforest,"De Wit, 1956"
Phanera bidentata var. cornifolia (Baker) de Wit,39,6,25,2,0,22,6,0.15,0.74,0.05,0.15,0.00,0.56,Rainforest - Succulent,Rainforest,https://api.gbif.org/v1/image/unsafe/https%3A%2F%2Fmedialib.naturalis.nl%2Ffile%2Fid%2FL.1972716%2Fformat%2Flarge; https://api.gbif.org/v1/image/unsafe/https%3A%2F%2Fmedialib.naturalis.nl%2Ffile%2Fid%2FL.1972715%2Fformat%2Flarge; https://api.gbif.org/v1/image/unsafe/https%3A%2F%2Fmedialib.naturalis.nl%2Ffile%2Fid%2FL.1972719%2Fformat%2Flarge
Phanera bracteata Benth.,40,0,23,13,0,2,4,0.00,0.51,0.33,0.10,0.00,0.05,Rainforest - Grass,,
Phanera brevipedicellata (Jarvie) Mackinder & R.Clark,1,0,1,0,0,0,0,0.00,1.00,0.00,0.00,0.00,0.00,Rainforest,,https://api.gbif.org/v1/image/unsafe/http%3A%2F%2Fdata.huh.harvard.edu%2Fa1ff40bc-28c4-42f5-b25f-9831bc63e95a%2Fimage
"Phanera burbidgei (Stapf) Bandyop., Ghoshal & M.K.Pathak",5,0,5,0,0,1,0,0.00,1.00,0.00,0.00,0.00,0.20,Rainforest,,"De Wit, 1956"
"Phanera campanulata (S.S.Larsen) Bandyop., Ghoshal & M.K.Pathak",3,0,3,0,0,0,0,0.00,1.00,0.00,0.00,0.00,0.00,Rainforest,Rainforest,https://api.gbif.org/v1/image/unsafe/http%3A%2F%2Fwww.kew.org%2Fherbcatimg%2F355496.jpg
Phanera cardinalis (Pierre ex Gagnep.) Sinou & Bruneau,3,0,3,0,0,1,0,0.00,0.75,0.00,0.00,0.00,0.33,Rainforest,Rainforest,Flore générale de l'Indo-Chine p.173
Phanera chalcophylla (H.Y.Chen) Mackinder & R.Clark,2,0,1,0,0,1,1,0.00,0.50,0.00,0.50,0.00,0.50,Rainforest,,
Phanera championii Benth.,198,0,42,130,0,34,26,0.00,0.19,0.66,0.13,0.00,0.17,Rainforest - Grass,,
Phanera coccinea Lour.,9,0,9,0,0,0,0,0.00,1.00,0.00,0.00,0.00,0.00,Rainforest,,Flore de l'Indo-Chine p. 165
Phanera comosa (Craib) Bandyop. & Ghoshal,7,0,1,6,0,1,0,0.00,0.00,0.86,0.00,0.00,0.14,Rainforest - Grass,,
Phanera concreta (Craib) Sinou & Bruneau,5,0,5,0,0,0,0,0.00,1.00,0.00,0.00,0.00,0.00,Rainforest,,
Phanera crudiantha de Wit,3,0,3,0,0,0,0,0.00,1.00,0.00,0.00,0.00,0.00,Rainforest,,"De Wit, 1956"
Phanera curtisii (Prain) Bandyop. & Ghoshal,16,0,12,4,0,1,0,0.00,0.75,0.25,0.00,0.00,0.06,Rainforest - Grass,,
Phanera delavayi (Franch.) Sinou & Bruneau,19,0,6,13,0,6,0,0.00,0.00,0.68,0.00,0.00,0.32,Rainforest - Grass,,
Phanera elmeri (Merr.) de Wit,3,0,3,0,0,0,0,0.00,1.00,0.00,0.00,0.00,0.00,Rainforest,,"De Wit, 1956"
Phanera erythropoda (Hayata) Mackinder & R.Clark,6,0,6,0,0,6,0,0.00,0.83,0.00,0.00,0.00,1.00,Rainforest,,https://api.gbif.org/v1/image/unsafe/http%3A%2F%2Fn2t.net%2Fark%3A%2F65665%2Fm3ef89954d-1b4c-4e62-ad8e-bf208f67a44b; https://api.gbif.org/v1/image/unsafe/http%3A%2F%2Fsweetgum.nybg.org%2Fimages3%2F2545%2F169%2F03196463.jpg
Phanera esquirolii (Gagnep.) Sinou & Bruneau,2,0,0,2,0,0,0,0.00,0.00,1.00,0.00,0.00,0.00,Grass,,
Phanera excelsa Miq.,69,0,68,0,0,0,1,0.00,0.96,0.00,0.01,0.00,0.00,Rainforest,Rainforest,"De Wit, 1956; https://api.gbif.org/v1/image/unsafe/https%3A%2F%2Fmedialib.naturalis.nl%2Ffile%2Fid%2FL.1975309%2Fformat%2Flarge"
"Phanera excurrens (Stapf) Bandyop., Ghoshal & M.K.Pathak",2,0,2,0,0,0,0,0.00,1.00,0.00,0.00,0.00,0.00,Rainforest,,
"Phanera fabrilis (de Wit) Bandyop., Ghoshal & M.K.Pathak",2,0,2,0,0,0,0,0.00,1.00,0.00,0.00,0.00,0.00,Rainforest,,
Phanera ferruginea (Roxb.) Benth.,10,0,10,0,0,0,0,0.00,1.00,0.00,0.00,0.00,0.00,Rainforest,Rainforest,Flore de l'Indo-Chine p. 127
Phanera finlaysoniana Benth.,74,0,73,1,0,2,0,0.00,0.93,0.01,0.00,0.00,0.03,Rainforest,Rainforest,"De Wit, 1956"
Phanera flava (de Wit) Bandyop. & Ghoshal,1,0,0,0,0,0,1,0.00,1.00,0.00,1.00,0.00,0.00,Other,,"De Wit, 1956; https://powo.science.kew.org/taxon/urn:lsid:ipni.org:names:77150156-1"
Phanera foraminifera (Gagnep.) de Wit,14,0,14,0,0,0,0,0.00,0.86,0.00,0.00,0.00,0.00,Rainforest,,
Phanera fulva (Korth.) Benth.,8,0,8,0,0,1,0,0.00,0.88,0.00,0.00,0.00,0.13,Rainforest,Rainforest,"De Wit, 1956"
Phanera glabrifolia Benth.,19,0,19,0,0,2,0,0.00,1.00,0.00,0.00,0.00,0.11,Rainforest,,"De Wit, 1956"
Phanera glabristipes de Wit,1,0,1,0,0,0,0,0.00,1.00,0.00,0.00,0.00,0.00,Rainforest,,"De Wit, 1956"
Phanera gracillima de Wit,1,0,1,0,0,0,0,0.00,0.00,0.00,0.00,0.00,0.00,Rainforest,,"De Wit, 1956"
Phanera harmsiana (Hosseus) Bandyop. & Ghoshal,14,0,5,9,0,1,0,0.00,0.36,0.64,0.00,0.00,0.07,Rainforest - Grass,,https://api.gbif.org/v1/image/unsafe/https%3A%2F%2Fmedialib.naturalis.nl%2Ffile%2Fid%2FL.3885980%2Fformat%2Flarge; https://api.gbif.org/v1/image/unsafe/https%3A%2F%2Fmedialib.naturalis.nl%2Ffile%2Fid%2FL.3888598%2Fformat%2Flarge
Phanera integrifolia (Roxb.) Benth.,60,0,53,0,0,5,7,0.00,0.88,0.00,0.12,0.00,0.08,Rainforest,Rainforest,
Phanera involucellata (Kurz) de Wit,9,0,7,2,0,1,0,0.00,0.78,0.22,0.00,0.00,0.11,Rainforest - Grass,Rainforest,https://api.gbif.org/v1/image/unsafe/http%3A%2F%2Fmediaphoto.mnhn.fr%2Fmedia%2F1441332504414wmP6seHWDxsTEIIA;https://powo.science.kew.org/taxon/urn:lsid:ipni.org:names:513540-1
Phanera japonica (Maxim.) H.Ohashi,26,0,4,0,0,4,22,0.00,0.15,0.00,0.85,0.00,0.15,Rainforest,,https://api.gbif.org/v1/image/unsafe/http%3A%2F%2Fn2t.net%2Fark%3A%2F65665%2Fm365e479c2-bcfd-4c1a-8338-756cae681947; https://api.gbif.org/v1/image/unsafe/http%3A%2F%2Fn2t.net%2Fark%3A%2F65665%2Fm31d5ea8cc-9c31-4a4a-9038-1688875274ba; https://api.gbif.org/v1/image/unsafe/https%3A%2F%2Fmedialib.naturalis.nl%2Ffile%2Fid%2FL.3897148%2Fformat%2Flarge
Phanera khasiana (Baker) Thoth.,14,0,11,3,0,8,0,0.00,0.79,0.21,0.00,0.00,0.57,Rainforest - Grass,,https://api.gbif.org/v1/image/unsafe/https%3A%2F%2Fplant.depo.msu.ru%2Fopen%2Fpublic%2Fitem%2FMW0757378%2Fimg%2F0.jpg%3Foriginal; https://api.gbif.org/v1/image/unsafe/https%3A%2F%2Fmedialib.naturalis.nl%2Ffile%2Fid%2FL.1975837%2Fformat%2Flarge
Phanera kockiana (Korth.) Benth.,190,0,188,0,0,16,2,0.00,0.95,0.00,0.01,0.00,0.08,Rainforest,,"De Wit, 1956"
"Phanera kostermansii (K.Larsen & S.S.Larsen) Bandyop., Ghoshal & M.K.Pathak",3,0,3,0,0,0,0,0.00,1.00,0.00,0.00,0.00,0.00,Rainforest,,
Phanera lambiana (Baker f.) de Wit,5,0,5,0,0,0,0,0.00,1.00,0.00,0.00,0.00,0.00,Rainforest,,
Phanera lingua (DC.) Miq.,45,0,36,5,0,4,4,0.00,0.78,0.11,0.09,0.00,0.09,Rainforest - Grass,Savanna-Rainforest,"De Wit, 1956"
Phanera lorantha (Pierre ex Gagnep.) XXXX,4,0,4,0,0,4,0,0.00,1.00,0.00,0.00,0.00,1.00,Rainforest,,
Phanera macrostachya Benth.,5,0,4,1,0,2,0,0.00,0.80,0.20,0.00,0.00,0.40,Rainforest - Grass,Rainforest,"Gagnepain et al, 1907; https://api.gbif.org/v1/image/unsafe/https%3A%2F%2Fmedialib.naturalis.nl%2Ffile%2Fid%2FL.1974956%2Fformat%2Flarge"
Phanera menispermacea (Gagnep.) de Wit,5,0,5,0,0,0,0,0.00,1.00,0.00,0.00,0.00,0.00,Rainforest,,"De Wit, 1956"
Phanera merrilliana (G.Perkins) de Wit,9,0,9,0,0,0,0,0.00,0.89,0.00,0.00,0.00,0.00,Rainforest,Rainforest,"https://api.gbif.org/v1/image/unsafe/https%3A%2F%2Fmedialib.naturalis.nl%2Ffile%2Fid%2FL.1962961%2Fformat%2Flarge; De Wit, 1956"
Phanera nervosa Wall. ex Benth.,9,0,4,3,0,2,2,0.00,0.44,0.33,0.22,0.00,0.22,Rainforest - Grass,,https://api.gbif.org/v1/image/unsafe/https%3A%2F%2Fmedialib.naturalis.nl%2Ffile%2Fid%2FL.3895748%2Fformat%2Flarge; https://api.gbif.org/v1/image/unsafe/https%3A%2F%2Fmedialib.naturalis.nl%2Ffile%2Fid%2FL.1962899%2Fformat%2Flarge
Phanera ornata (Kurz) Thoth.,49,0,35,13,0,20,1,0.00,0.69,0.27,0.02,0.00,0.41,Rainforest - Grass,Savanna-Rainforest,Flore de l'Indo-Chine p.169 & p.171
Phanera pauciflora (Merr.) de Wit,1,0,1,0,0,0,0,0.00,1.00,0.00,0.00,0.00,0.00,Rainforest,Rainforest,"De Wit, 1956"
Phanera paucinervata (T.C.Chen) X.Y.Zhu,2,0,2,0,0,2,0,0.00,1.00,0.00,0.00,0.00,1.00,Rainforest,,
Phanera penicilliloba (Pierre ex Gagnep.) Sinou & Bruneau,9,0,3,6,0,3,0,0.00,0.44,0.67,0.00,0.00,0.33,Rainforest - Grass,Rainforest,https://api.gbif.org/v1/image/unsafe/https%3A%2F%2Fmedialib.naturalis.nl%2Ffile%2Fid%2FL.2058773%2Fformat%2Flarge; https://api.gbif.org/v1/image/unsafe/https%3A%2F%2Fmedialib.naturalis.nl%2Ffile%2Fid%2FL.2058772%2Fformat%2Flarge
Phanera pottingeri (Prain) Thoth.,1,0,1,0,0,1,0,0.00,1.00,0.00,0.00,0.00,1.00,Rainforest,,
Phanera pulla (Craib) Sinou & Bruneau,18,0,13,4,0,1,1,0.00,0.78,0.22,0.06,0.00,0.06,Rainforest - Grass,,
Phanera pyrrhoclada (Drake) de Wit,6,0,4,2,0,3,0,0.00,0.50,0.33,0.00,0.00,0.50,Rainforest - Grass,Savanna,https://api.gbif.org/v1/image/unsafe/http%3A%2F%2Fn2t.net%2Fark%3A%2F65665%2Fm3f5604a98-fa2d-4782-96cd-3ba164e9fa81; https://api.gbif.org/v1/image/unsafe/http%3A%2F%2Fn2t.net%2Fark%3A%2F65665%2Fm3de8faf5f-edc3-473a-964d-9f8bd24b4f4d
Phanera pyrrhoneura (Korth.) Benth.,3,0,3,0,0,1,0,0.00,1.00,0.00,0.00,0.00,0.33,Rainforest,Rainforest,"De Wit, 1956"
Phanera retusa Benth.,2,0,0,2,0,0,0,0.00,0.00,1.00,0.00,0.00,0.00,Grass,,
Phanera ridleyi (Prain) A.Schmitz,1,0,1,0,0,0,0,0.00,1.00,0.00,0.00,0.00,0.00,Rainforest,,"De Wit, 1956"
Phanera saigonensis (Pierre ex Gagnep.) Mackinder & R.Clark,4,0,3,1,0,1,0,0.00,0.75,0.25,0.00,0.00,0.25,Rainforest - Grass,Rainforest,https://api.gbif.org/v1/image/unsafe/https%3A%2F%2Fmedialib.naturalis.nl%2Ffile%2Fid%2FL.3897170%2Fformat%2Flarge;
Phanera scandens (L.) Lour. ex Raf.,27,0,14,9,0,5,4,0.00,0.52,0.33,0.15,0.00,0.19,Rainforest - Grass,,"De Wit, 1956; https://api.gbif.org/v1/image/unsafe/https%3A%2F%2Fmedialib.naturalis.nl%2Ffile%2Fid%2FL.3894790%2Fformat%2Flarge; https://api.gbif.org/v1/image/unsafe/https%3A%2F%2Fmedialib.naturalis.nl%2Ffile%2Fid%2FL.3885034%2Fformat%2Flarge"
Phanera semibifida (Roxb.) Benth.,153,0,153,0,0,26,0,0.00,0.95,0.00,0.00,0.00,0.17,Rainforest,Rainforest,"De Wit, 1956"
Phanera similis (Craib) de Wit,1,0,1,0,0,1,0,0.00,1.00,0.00,0.00,0.00,1.00,Rainforest,,https://api.gbif.org/v1/image/unsafe/https%3A%2F%2Fmedialib.naturalis.nl%2Ffile%2Fid%2FL.1974163%2Fformat%2Flarge
Phanera sirindhorniae (K.Larsen & S.S.Larsen) Mackinder & R.Clark,2,0,1,1,0,1,0,0.00,0.50,0.50,0.00,0.00,0.50,Rainforest - Grass,,https://www.nparks.gov.sg/florafaunaweb/flora/6/4/6495
"Phanera steenisii (K.Larsen & S.S.Larsen) Bandyop., Ghoshal & M.K.Pathak",4,0,4,0,0,0,0,0.00,1.00,0.00,0.00,0.00,0.00,Rainforest,,
Phanera stipularis (Korth.) Benth.,24,0,24,0,0,13,0,0.00,1.00,0.00,0.00,0.00,0.54,Rainforest,,
Phanera strychnoidea (Prain) Bandyop. & Ghoshal,2,0,2,0,0,0,0,0.00,1.00,0.00,0.00,0.00,0.00,Rainforest,,"De Wit, 1956"
Phanera sylvani de Wit,6,0,6,0,0,0,0,0.00,1.00,0.00,0.00,0.00,0.00,Rainforest,Rainforest,"De Wit, 1956"
Phanera tubicalyx (Craib) Bandyop. & Ghoshal,1,0,1,0,0,0,0,0.00,1.00,0.00,0.00,0.00,0.00,Rainforest,Rainforest,"De Wit, 1956"
Phanera vahlii (Wight & Arn.) Benth.,2,0,0,1,0,0,1,0.00,0.00,0.50,0.50,0.00,0.00,Grass,Rainforest,Flora do Brasil 2020; https://api.gbif.org/v1/image/unsafe/http%3A%2F%2Fn2t.net%2Fark%3A%2F65665%2Fm3657e6cc7-6095-4a7f-95d7-ea1cc66168d7
Phanera williamsii (F.Muell.) de Wit,7,0,7,0,0,7,0,0.00,0.86,0.00,0.00,0.00,1.00,Rainforest,Rainforest,"De Wit, 1956"
Phanera wrayi (Prain) de Wit,53,0,51,0,0,2,2,0.00,0.96,0.00,0.04,0.00,0.04,Rainforest,,"De Wit, 1956"
Phanera yunnanensis (Franch.) Wunderlin,32,0,6,20,0,5,6,0.00,0.09,0.63,0.19,0.00,0.16,Rainforest - Grass,Savanna,https://api.gbif.org/v1/image/unsafe/https%3A%2F%2Fmedialib.naturalis.nl%2Ffile%2Fid%2FL.1974857%2Fformat%2Flarge
Piliostigma malabaricum (Roxb.) Benth.,169,0,33,126,0,27,10,0.00,0.17,0.75,0.06,0.00,0.16,Rainforest - Grass,,Flora Malesiana p.457
Piliostigma reticulatum (DC.) Hochst.,45,5,0,38,0,0,2,0.11,0.00,0.84,0.04,0.00,0.00,Grass - Rainforest,Savanna,http://www.ville-ge.ch/musinfo/bd/cjb/africa/details.php?langue=an&id=62748; http://powo.science.kew.org/taxon/urn:lsid:ipni.org:names:514345-1; Flora de Guinea Ecuatorial
Piliostigma thonningii (Schumach.) Milne-Redh.,152,31,5,112,0,5,4,0.20,0.03,0.74,0.03,0.00,0.03,Grass - Rainforest,Savanna,http://powo.science.kew.org/taxon/urn:lsid:ipni.org:names:514346-1 (Flora of West Tropical Africa); Flora de Guinea Ecuatorial; http://www.ville-ge.ch/musinfo/bd/cjb/africa/details.php?langue=an&id=62747
Schnella accrescens (Killip & J.F.Macbr.) Trethowan & R.Clark,2,0,2,0,0,0,0,0.00,1.00,0.00,0.00,0.00,0.00,Rainforest,Rainforest,https://plantidtools.fieldmuseum.org/en/rrc/catalogue/273892
Schnella alata (Ducke) Wunderlin,20,1,19,0,0,4,0,0.05,0.95,0.00,0.00,0.00,0.20,Rainforest,Rainforest,Flora do Brasil 2020
Schnella altiscandens (Ducke) Wunderlin,24,0,24,0,0,2,0,0.00,1.00,0.00,0.00,0.00,0.08,Rainforest,Rainforest,Flora do Brasil 2020
Schnella anamesa (J.F.Macbr.) Wunderlin,13,1,0,12,0,0,0,0.08,0.00,0.92,0.00,0.00,0.00,Grass,,Flora do Brasil 2020
Schnella angulosa (Vogel) Wunderlin,72,12,24,6,12,16,18,0.17,0.63,0.08,0.25,0.17,0.22,Rainforest - Succulent,Rainforest,Flora do Brasil 2020
Schnella bahiachalensis N.Zamora,19,0,19,0,0,0,0,0.00,1.00,0.00,0.00,0.00,0.00,Rainforest,Rainforest,"http://powo.science.kew.org/taxon/urn:lsid:ipni.org:names:77129505-1; Zamora, 2013 https://1library.co/document/y60ln0oy-nueva-especie-schnella-leguminosae-caesalpinioideae-cercideae-para-costa.html"
Schnella carvalhoi (Vaz) Wunderlin,8,0,5,0,0,2,3,0.00,0.63,0.00,0.38,0.00,0.25,Rainforest,Rainforest,Flora do Brasil 2020
Schnella confertiflora (Benth.) Wunderlin,6,0,6,0,0,0,0,0.00,1.00,0.00,0.00,0.00,0.00,Rainforest,Rainforest,Flora do Brasil 2020
Schnella coronata (Benth.) Pittier,81,3,58,19,0,11,1,0.04,0.68,0.23,0.01,0.00,0.14,Rainforest - Grass,Savanna-Rainforest,"Flora do Brasil 2020; Vaz, 2010"
Schnella cupreonitens (Ducke) Wunderlin,44,0,42,1,1,15,0,0.00,0.98,0.02,0.00,0.02,0.34,Rainforest,Rainforest,Flora do Brasil 2020
Schnella erythrantha (Ducke) Wunderlin,10,0,10,0,0,1,0,0.00,1.00,0.00,0.00,0.00,0.10,Rainforest,Rainforest,Flora do Brasil 2020
Schnella excisa Griseb.,2,0,2,0,0,0,0,0.00,1.00,0.00,0.00,0.00,0.00,Rainforest,,
Schnella flexuosa (Moric.) Walp.,68,62,2,2,2,2,0,0.91,0.06,0.03,0.00,0.03,0.03,Succulent,Rainforest-Succulent,"Flora do Brasil 2020; Lewis, 1987; Quieroz, 2009"
Schnella glabra (Jacq.) Dugand,842,143,368,180,10,99,141,0.17,0.44,0.21,0.17,0.01,0.12,Rainforest - Grass - Succulent,Savanna-Rainforest,"Flora do Brasil 2020; Castellanos & Lewis, 2012"
Schnella grazielae (Vaz) Wunderlin,11,0,1,0,6,0,4,0.00,1.00,0.00,0.36,0.55,0.00,Overlap,Rainforest,Flora do Brasil 2020
Schnella guentheri (Harms) Trethowan & R.Clark,1,0,1,0,0,0,0,0.00,1.00,0.00,0.00,0.00,0.00,Rainforest,Rainforest,https://api.gbif.org/v1/image/unsafe/http%3A%2F%2Fn2t.net%2Fark%3A%2F65665%2Fm35e7381bd-3068-4b9a-9ab6-1c34f2a21089
Schnella guianensis (Aubl.) Wunderlin,795,22,645,64,4,169,60,0.03,0.81,0.08,0.08,0.01,0.21,Rainforest,Rainforest,"Castellanos & Lewis, 2012"
Schnella herrerae Britton & Rose,416,27,214,8,109,81,58,0.06,0.82,0.02,0.14,0.26,0.19,Rainforest,Rainforest,http://catalogoplantasdecolombia.unal.edu.co/en/resultados/especie/Bauhinia%20herrerae/
Schnella hirsutissima (Wunderlin) Trethowan & R.Clark,4,0,4,0,0,0,0,0.00,1.00,0.00,0.00,0.00,0.00,Rainforest,Rainforest,https://www.gbif.org/occurrence/1703340268
Schnella hymenaeifolia (Triana ex Hemsl.) Britton & Rose,25,3,7,0,0,0,15,0.12,0.48,0.00,0.60,0.00,0.00,Rainforest - Succulent,Rainforest,"http://catalogoplantasdecolombia.unal.edu.co/en/resultados/especie/Schnella%20hymenaeifolia/; Castellanos & Lewis, 2012; https://www.gbif.org/occurrence/1657211076; https://api.gbif.org/v1/image/unsafe/http%3A%2F%2Fn2t.net%2Fark%3A%2F65665%2Fm3ae16cc19-d7c2-409a-8119-a7eb2b65c399"
Schnella klugii (Standl.) Wunderlin,5,0,4,0,1,0,0,0.00,1.00,0.00,0.00,0.20,0.00,Rainforest,Rainforest,"Vaz, 2010"
Schnella kunthiana (Vogel) Wunderlin,60,0,57,2,0,19,1,0.00,0.90,0.03,0.02,0.00,0.32,Rainforest,Rainforest,"Vaz, 2010"
Schnella lilacina (Wunderlin & Eilers) Wunderlin,1,0,0,0,1,0,0,0.00,1.00,0.00,0.00,1.00,0.00,Overlap,Rainforest,"Flora do Brasil 2020; Lewis, 1987"
Schnella longiseta (Fr√≥es) Wunderlin,2,0,2,0,0,0,0,0.00,1.00,0.00,0.00,0.00,0.00,Rainforest,Rainforest,"Vaz, 2010"
Schnella macrostachya Raddi,57,9,15,6,4,2,23,0.16,0.61,0.11,0.40,0.07,0.04,Rainforest - Grass - Succulent,Rainforest,"Vaz, 2010"
Schnella maximiliani (Benth.) Wunderlin,34,5,10,0,18,5,1,0.15,0.85,0.00,0.03,0.53,0.15,Rainforest - Succulent,Rainforest-Succulent,"Flora do Brasil 2020; Vaz, 2010; Lewis, 1987"
Schnella microstachya Raddi,375,62,117,91,8,35,97,0.17,0.38,0.24,0.26,0.02,0.09,Rainforest - Grass - Succulent,Rainforest-Succulent,"Flora do Brasil 2020; Lewis, 1987; Quieroz, 2009"
Schnella obovata (S.F.Blake) Britton & Rose,1,0,1,0,0,0,0,0.00,0.00,0.00,0.00,0.00,0.00,Rainforest,Rainforest,https://api.gbif.org/v1/image/unsafe/https%3A%2F%2Fquod.lib.umich.edu%2Fcgi%2Fi%2Fimage%2Fapi%2Fimage%2Fherb00ic%3A1107152%3AMICH-V-1107152%2Ffull%2Fres%3A0%2F0%2Fnative.jpg; https://api.gbif.org/v1/image/unsafe/https%3A%2F%2Fwww.nhm.ac.uk%2Fservices%2Fmedia-store%2Fasset%2F2158addb64361c5e7671873b70a7a043b0624536%2Fcontents%2Fpreview
Schnella outimouta (Aubl.) Wunderlin,490,35,300,103,15,101,37,0.07,0.67,0.21,0.08,0.03,0.21,Rainforest - Grass,Rainforest,"Lewis, 1987; Quieroz, 2009"
Schnella platycalyx (Benth.) Wunderlin,33,1,27,3,0,9,2,0.03,0.79,0.09,0.06,0.00,0.27,Rainforest,Rainforest,"Vaz, 2010"
Schnella poiteauana (Vogel) Wunderlin,6,0,6,0,0,4,0,0.00,1.00,0.00,0.00,0.00,0.67,Rainforest,Rainforest,"Vaz, 2010"
Schnella porphyrotricha (Harms) Wunderlin,12,0,8,2,0,0,2,0.00,0.58,0.17,0.17,0.00,0.00,Rainforest - Grass,Rainforest,"Vaz, 2010"
Schnella pterocalyx (Ducke) Wunderlin,21,0,20,0,0,2,1,0.00,0.95,0.00,0.05,0.00,0.10,Rainforest,Rainforest,"Vaz, 2010"
Schnella reflexa (Schery) Wunderlin,41,0,32,0,0,0,9,0.00,0.83,0.00,0.22,0.00,0.00,Rainforest,,
Schnella riedeliana (Bong.) Wunderlin,27,11,0,16,0,0,0,0.41,0.00,0.59,0.00,0.00,0.00,Grass - Rainforest,Savanna,"Vaz, 2010"
Schnella rutilans (Spruce ex Benth.) Pittier,103,2,96,2,0,27,3,0.02,0.90,0.02,0.03,0.00,0.26,Rainforest,Rainforest,"Vaz, 2010"
Schnella scala-simiae (Sandwith) Trethowan & R.Clark,9,0,9,0,0,6,0,0.00,1.00,0.00,0.00,0.00,0.67,Rainforest,Rainforest,https://api.gbif.org/v1/image/unsafe/http%3A%2F%2Fn2t.net%2Fark%3A%2F65665%2Fm31c38f4bb-5b2a-471b-9860-5e74313ed730
Schnella siqueirae (Ducke) Wunderlin,40,0,36,0,4,14,0,0.00,1.00,0.00,0.00,0.10,0.35,Rainforest,Rainforest,"Vaz, 2010"
Schnella smilacina (Schott) G.Don,48,4,21,1,15,11,7,0.08,0.85,0.02,0.15,0.31,0.23,Rainforest,Rainforest,"Vaz, 2010; Flora do Brasil 2020"
Schnella splendens (Kunth) Benth.,172,2,163,3,0,74,4,0.01,0.94,0.02,0.02,0.00,0.43,Rainforest,Rainforest,"Vaz, 2010"
Schnella sprucei (Benth.) Wunderlin,7,0,7,0,0,0,0,0.00,1.00,0.00,0.00,0.00,0.00,Rainforest,Rainforest,"Vaz, 2010"
Schnella stenoloba Britton & Killip,4,1,1,0,0,0,2,0.25,0.75,0.00,0.50,0.00,0.00,Rainforest - Succulent,,http://powo.science.kew.org/taxon/urn:lsid:ipni.org:names:518027-1;
Schnella surinamensis (Amshoff) Wunderlin,26,0,26,0,0,4,0,0.00,1.00,0.00,0.00,0.00,0.15,Rainforest,Rainforest,"Vaz, 2010"
Schnella trichosepala (L.P.Queiroz) Wunderlin,81,71,2,2,2,1,4,0.88,0.09,0.02,0.05,0.02,0.01,Succulent,Savanna-Succulent,"Flora do Brasil 2020; Lewis, 1987; Quieroz, 2009"
Schnella uleana (Harms) Wunderlin,15,0,15,0,0,0,0,0.00,1.00,0.00,0.00,0.00,0.00,Rainforest,Rainforest,"Vaz, 2010"
Schnella umbriana Britton & Killip,4,0,3,1,0,0,0,0.00,0.75,0.25,0.00,0.00,0.00,Rainforest - Grass,Rainforest,"http://catalogoplantasdecolombia.unal.edu.co/en/resultados/especie/Schnella%20umbriana/; Castellanos & Lewis, 2012; see Trethowan 2015?"
Schnella vestita Benth.,2,0,0,0,0,0,2,0.00,0.00,0.00,1.00,0.00,0.00,Other,Rainforest,http://catalogoplantasdecolombia.unal.edu.co/en/resultados/especie/schnella%20vestita/; https://api.gbif.org/v1/image/unsafe/http%3A%2F%2Fsweetgum.nybg.org%2Fimages3%2F3649%2F619%2F04217828.jpg
Schnella vulpina (Rusby) Trethowan & R.Clark,2,0,0,0,0,0,2,0.00,0.00,0.00,1.00,0.00,0.00,Other,Rainforest,https://api.gbif.org/v1/image/unsafe/http%3A%2F%2Fsweetgum.nybg.org%2Fimages3%2F2545%2F148%2F03196441.jpg
Tournaya gossweileri (Baker f.) A.Schmitz,25,0,24,1,0,0,0,0.00,0.96,0.00,0.04,0.00,0.00,Rainforest,Rainforest,https://powo.science.kew.org/taxon/urn:lsid:ipni.org:names:521411-1
Tylosema angolense P.Silveira & S.Castro,3,0,0,3,0,0,0,0.00,0.00,1.00,0.00,0.00,0.00,Grass,,http://powo.science.kew.org/taxon/urn:lsid:ipni.org:names:77063994-1
Tylosema esculentum (Burch.) A.Schreib.,73,14,0,59,0,0,0,0.19,0.00,0.81,0.00,0.00,0.00,Grass - Rainforest,Savanna,https://plants.jstor.org/search?qtype=all&query=Bauhinia+bainesii; http://www.ville-ge.ch/musinfo/bd/cjb/africa/details.php?langue=an&id=69316
Tylosema fassoglense (Kotschy ex Schweinf.) Torre & Hillc.,99,49,0,43,0,0,7,0.49,0.00,0.43,0.07,0.00,0.00,Grass - Rainforest,Savanna-Succulent,http://www.ville-ge.ch/musinfo/bd/cjb/africa/details.php?langue=an&id=69317; http://powo.science.kew.org/taxon/urn:lsid:ipni.org:names:524264-1
Tylosema humifusum (Pic.Serm. & Roti Mich.) Brenan,6,5,0,1,0,0,0,0.83,0.00,0.17,0.00,0.00,0.00,Grass - Rainforest,Succulent,http://www.ville-ge.ch/musinfo/bd/cjb/africa/details.php?langue=an&id=69319